{"Gauss-Newton": {"H0": 0.7360817678866038, "Omega": 70.4483551994624, "nfev": 4}}